Workbook

Sheet Dashboard

Sheet Flood_Pricing_Model_State
B2: Global Temperature Anomaly (°C) | C2: 0.5
B3: Atmospheric Moisture Factor(%/°C) | C3: 0.07
B4: Runoff Amplication Multiplier | C4: 1.5
A5: State | B5: Primary Flood Peril Profile | C5: Historical Freq (λ0) | D5: Hist Avg Claim ($) | E5: Severity Multiplier | F5: Baseline Pure Premium ($) | G5: Climate Freq (λc) | H5: Climate Avg Claim ($) | I5: Climate Pure Premium ($) | J5: Rate Inadequacy (%) | K5: 1-in-100 PML ($k)
A6: Alabama | B6: Tropical and Hurricane Surge | C6: 1.3 | D6: 52000 | E6: 1.45 | F6: =C6*D6 -> 67600 | G6: =C6*(1 + $C$2 * $C$3 * $C$4) -> 1.36825 | H6: =D6*E6 -> 75400 | I6: =G6*H6 -> 103166.05 | J6: =(I6-F6)/F6 -> 0.526125 | K6: =(I6*(1 + 2.326 * 0.45 * SQRT(1/G6)))/1000 -> 195.48191
A7: Alaska | B7: Pacific atmospheric River | C7: 0.4 | D7: 38000 | E7: 1.35 | F7: =C7*D7 -> 15200 | G7: =C7*(1 + $C$2 * $C$3 * $C$4) -> 0.421 | H7: =D7*E7 -> 51300 | I7: =G7*H7 -> 21597.3 | J7: =(I7-F7)/F7 -> 0.420875 | K7: =(I7*(1 + 2.326 * 0.45 * SQRT(1/G7)))/1000 -> 56.4375
A8: Arizona | B8: Arid Monsoon & Snowmelt | C8: 0.45 | D8: 34000 | E8: 1.3 | F8: =C8*D8 -> 15300 | G8: =C8*(1 + $C$2 * $C$3 * $C$4) -> 0.473625 | H8: =D8*E8 -> 44200 | I8: =G8*H8 -> 20934.225 | J8: =(I8-F8)/F8 -> 0.36825 | K8: =(I8*(1 + 2.326 * 0.45 * SQRT(1/G8)))/1000 -> 52.7734
A9: Arkansas | B9: Interior river basin | C9: 0.95 | D9: 41000 | E9: 1.4 | F9: =C9*D9 -> 38950 | G9: =C9*(1 + $C$2 * $C$3 * $C$4) -> 0.999875 | H9: =D9*E9 -> 57400 | I9: =G9*H9 -> 57392.825 | J9: =(I9-F9)/F9 -> 0.4735 | K9: =(I9*(1 + 2.326 * 0.45 * SQRT(1/G9)))/1000 -> 117.46965
A10: California | B10: Pacific atmospheric River | C10: 0.65 | D10: 68000 | E10: 1.55 | F10: =C10*D10 -> 44200 | G10: =C10*(1 + $C$2 * $C$3 * $C$4) -> 0.684125 | H10: =D10*E10 -> 105400 | I10: =G10*H10 -> 72106.775 | J10: =(I10-F10)/F10 -> 0.631375 | K10: =(I10*(1 + 2.326 * 0.45 * SQRT(1/G10)))/1000 -> 163.35629
A11: Colorado | B11: Arid Monsoon & Snowmelt | C11: 0.5 | D11: 42000 | E11: 1.35 | F11: =C11*D11 -> 21000 | G11: =C11*(1 + $C$2 * $C$3 * $C$4) -> 0.52625 | H11: =D11*E11 -> 56700 | I11: =G11*H11 -> 29838.375 | J11: =(I11-F11)/F11 -> 0.420875 | K11: =(I11*(1 + 2.326 * 0.45 * SQRT(1/G11)))/1000 -> 72.891169
A12: Conneticut | B12: Coastal Surge | C12: 0.7 | D12: 49000 | E12: 1.45 | F12: =C12*D12 -> 34300 | G12: =C12*(1 + $C$2 * $C$3 * $C$4) -> 0.73675 | H12: =D12*E12 -> 71050 | I12: =G12*H12 -> 52346.087 | J12: =(I12-F12)/F12 -> 0.526125 | K12: =(I12*(1 + 2.326 * 0.45 * SQRT(1/G12)))/1000 -> 116.17925
A13: Delaware | B13: Coastal Surge | C13: 0.75 | D13: 46000 | E13: 1.4 | F13: =C13*D13 -> 34500 | G13: =C13*(1 + $C$2 * $C$3 * $C$4) -> 0.789375 | H13: =D13*E13 -> 64400 | I13: =G13*H13 -> 50835.75 | J13: =(I13-F13)/F13 -> 0.4735 | K13: =(I13*(1 + 2.326 * 0.45 * SQRT(1/G13)))/1000 -> 110.72512
A14: Florida | B14: Tropical and Hurricane Surge | C14: 2.2 | D14: 88000 | E14: 1.6 | F14: =C14*D14 -> 193600 | G14: =C14*(1 + $C$2 * $C$3 * $C$4) -> 2.3155 | H14: =D14*E14 -> 140800 | I14: =G14*H14 -> 326022.4 | J14: =(I14-F14)/F14 -> 0.684 | K14: =(I14*(1 + 2.326 * 0.45 * SQRT(1/G14)))/1000 -> 550.28005
A15: Georgia | B15: Tropical and Hurricane Surge | C15: 1.15 | D15: 48000 | E15: 1.45 | F15: =C15*D15 -> 55200 | G15: =C15*(1 + $C$2 * $C$3 * $C$4) -> 1.210375 | H15: =D15*E15 -> 69600 | I15: =G15*H15 -> 84242.1 | J15: =(I15-F15)/F15 -> 0.526125 | K15: =(I15*(1 + 2.326 * 0.45 * SQRT(1/G15)))/1000 -> 164.38987
A16: Hawii | B16: Pacific atmospheric River | C16: 0.55 | D16: 51000 | E16: 1.35 | F16: =C16*D16 -> 28050 | G16: =C16*(1 + $C$2 * $C$3 * $C$4) -> 0.578875 | H16: =D16*E16 -> 68850 | I16: =G16*H16 -> 39855.544 | J16: =(I16-F16)/F16 -> 0.420875 | K16: =(I16*(1 + 2.326 * 0.45 * SQRT(1/G16)))/1000 -> 94.685584
A17: Idaho | B17: Arid Monsoon & Snowmelt | C17: 0.35 | D17: 31000 | E17: 1.3 | F17: =C17*D17 -> 10850 | G17: =C17*(1 + $C$2 * $C$3 * $C$4) -> 0.368375 | H17: =D17*E17 -> 40300 | I17: =G17*H17 -> 14845.512 | J17: =(I17-F17)/F17 -> 0.36825 | K17: =(I17*(1 + 2.326 * 0.45 * SQRT(1/G17)))/1000 -> 40.447421
... A55: Wyoming | B55: Appalaichan Flash | C55: 0.3 | D55: 29000 | E55: 1.25 | F55: =C55*D55 -> 8700 | G55: =C55*(1 + $C$2 * $C$3 * $C$4) -> 0.31575 | H55: =D55*E55 -> 36250 | I55: =G55*H55 -> 11445.938 | J55: =(I55-F55)/F55 -> 0.315625 | K55: =(I55*(1 + 2.326 * 0.45 * SQRT(1/G55)))/1000 -> 32.76666
A56: US Portfolio Total / Weighted Average | F56: =SUM(F6:F55) -> 2178650 | I56: =SUM(I6:I55) -> 3379444.4 | J56: =(I56-F56)/F56 -> 0.55116442 | K56: =SUM(K6:K55) -> 6784.8968

Sheet Monte_Carlo_Sim Data
A1: State | B1: Sim_Baseline_Pure_Prem ($) | C1: Sim_Climate_Pure_Prem ($) | D1: Sim_1_in_100_PML ($k) | E1: Sim_1_in_100_TVaR ($k) | F1: Formula vs Sim Variance (%)
A2: Alabama | B2: 68886.42 | C2: 114000.16 | D2: 510.9 | E2: 623.4 | F2: =(D2 - Flood_Pricing_Model_State!K6)/Flood_Pricing_Model_State!K6 -> 1.6135411
A3: Alaska | B3: 15039.1 | C3: 23686.16 | D3: 187.8 | E3: 245.3 | F3: =(D3 - Flood_Pricing_Model_State!K7)/Flood_Pricing_Model_State!K7 -> 2.3275748
A4: Arizona | B4: 15287.51 | C4: 23308.46 | D4: 177.3 | E4: 233.4 | F4: =(D4 - Flood_Pricing_Model_State!K8)/Flood_Pricing_Model_State!K8 -> 2.3596471
A5: Arkansas | B5: 39124.52 | C5: 63962.28 | D5: 324.5 | E5: 401 | F5: =(D5 - Flood_Pricing_Model_State!K9)/Flood_Pricing_Model_State!K9 -> 1.7624157
A6: California | B6: 44483.79 | C6: 79831.74 | D6: 483.4 | E6: 604.2 | F6: =(D6 - Flood_Pricing_Model_State!K10)/Flood_Pricing_Model_State!K10 -> 1.9591759
A7: Colorado | B7: 21067.12 | C7: 32421.41 | D7: 235.8 | E7: 288 | F7: =(D7 - Flood_Pricing_Model_State!K11)/Flood_Pricing_Model_State!K11 -> 2.2349598
A8: Connecticut | B8: 34917.93 | C8: 56535.51 | D8: 340.9 | E8: 421.5 | F8: =(D8 - Flood_Pricing_Model_State!K12)/Flood_Pricing_Model_State!K12 -> 1.9342589
A9: Delaware | B9: 34445.48 | C9: 55339.07 | D9: 310 | E9: 385.8 | F9: =(D9 - Flood_Pricing_Model_State!K13)/Flood_Pricing_Model_State!K13 -> 1.7997259
A10: Florida | B10: 191912.06 | C10: 360779.6 | D10: 1197.4 | E10: 1360.4 | F10: =(D10 - Flood_Pricing_Model_State!K14)/Flood_Pricing_Model_State!K14 -> 1.1759829
A11: Georgia | B11: 56377.84 | C11: 90532.61 | D11: 415 | E11: 518 | F11: =(D11 - Flood_Pricing_Model_State!K15)/Flood_Pricing_Model_State!K15 -> 1.5244865
A12: Hawaii | B12: 28492.12 | C12: 44294.13 | D12: 303.9 | E12: 394.3 | F12: =(D12 - Flood_Pricing_Model_State!K16)/Flood_Pricing_Model_State!K16 -> 2.2095699
A13: Idaho | B13: 11017.01 | C13: 16293.85 | D13: 143.9 | E13: 185 | F13: =(D13 - Flood_Pricing_Model_State!K17)/Flood_Pricing_Model_State!K17 -> 2.5577052
... A51: Wyoming | B51: 8606.11 | C51: 12387.3 | D51: 121.7 | E51: 158.7 | F51: =(D51 - Flood_Pricing_Model_State!K55)/Flood_Pricing_Model_State!K55 -> 2.7141412
